symbol,company,board,issue_end,predicted_at,frozen,score,verdict,gmp_pct,qib_x,nii_x,total_x,nifty_pct,final_total_x,final_retail_x,min_app_shares,listing_date,issue_price,open,close,gain_open_pct,gain_close_pct,pnl_open_rs,pnl_close_rs,allot_pct,exp_pnl_open_rs,action,call
QUALIANCE,Qualiance International Limited,SME,2026-09-08,2026-09-07 14:14,True,4,CANDIDATE,43.31,,,58.5,-3.23,426.78,,2000,2026-09-11,127.0,224.9,236.1,77.09,85.91,195800.0,218200.0,0.2,392.0,APPLY,RIGHT
PRANAV,Pranav Constructions Limited,MAIN,2026-09-09,2026-09-08 18:29,True,2,WATCH,35.48,1.0,43.75,18.2,-3.81,121.0,43.33,120,,,,,,,,,2.3,,PASS,not listed
GLASSWALL,Glass Wall Systems (India) Limited,MAIN,2026-09-10,2026-09-09 17:50,True,0,SKIP,30.22,0.3,12.41,8.22,-4.64,81.65,33.18,82,2026-09-16,182.0,194.0,214.85,6.59,18.05,984.0,2694.0,3.0,30.0,PASS,RIGHT
KANOHAR,Kanohar Electricals Limited,MAIN,2026-09-10,2026-09-09 17:50,True,2,WATCH,34.49,6.5,19.22,10.22,-4.64,90.59,20.51,23,2026-09-16,632.0,685.5,751.5,8.47,18.91,1230.0,2748.0,4.9,60.0,PASS,RIGHT
PRASOLCHEM,Prasol Chemicals Limited,MAIN,2026-09-10,2026-09-09 17:50,True,-2,SKIP,5.91,0.05,0.66,0.72,-4.64,3.3,1.7,22,2026-09-16,676.0,610.0,671.0,-9.76,-0.74,-1452.0,-110.0,58.8,-854.0,PASS,RIGHT
ARCIL,Asset Reconstruction Company (India) Limited,MAIN,2026-09-11,2026-09-10 17:50,True,-1,SKIP,17.27,0.1,1.03,0.87,-3.76,0.87,1.24,107,2026-09-17,139.0,139.0,137.02,0.0,-1.42,0.0,-212.0,80.6,0.0,PASS,RIGHT
KARAMTARA,Karamtara Engineering Limited,MAIN,2026-09-11,2026-09-10 17:50,True,1,SKIP,29.53,2.27,6.16,3.61,-3.76,3.61,3.28,59,2026-09-17,254.0,320.0,352.0,25.98,38.58,3894.0,5782.0,30.5,1188.0,PASS,MISSED
LCCPROJECT,LCC Projects Limited,MAIN,2026-09-11,2026-09-10 17:50,True,2,WATCH,30.82,1.16,5.33,3.84,-3.76,3.84,4.69,102,2026-09-17,146.0,189.0,170.1,29.45,16.51,4386.0,2458.0,21.3,934.0,PASS,MISSED
MPIMANIPAL,Manipal Payment and Identity Solutions Limited,MAIN,2026-09-11,2026-09-10 17:50,True,-3,SKIP,2.36,0.03,0.24,0.31,-3.76,0.31,1.22,44,2026-09-17,339.0,330.0,345.15,-2.65,1.81,-396.0,271.0,82.0,-325.0,PASS,RIGHT
RENTOMOJO,Rentomojo Limited,MAIN,2026-09-11,2026-09-10 17:50,True,0,SKIP,35.64,0.45,11.59,4.7,-3.76,4.7,4.18,37,2026-09-17,404.0,482.45,534.25,19.42,32.24,2903.0,4819.0,23.9,694.0,PASS,MISSED
STEAMHOUSE,Steamhouse India Limited,MAIN,2026-09-11,2026-09-10 17:50,True,0,SKIP,24.69,1.62,2.0,2.21,-3.76,2.21,2.63,185,2026-09-17,81.0,94.5,102.55,16.67,26.6,2498.0,3987.0,38.0,949.0,PASS,MISSED
VINOD,Vinod Texworld Limited,SME,2026-09-11,2026-09-10 17:50,True,-1,SKIP,21.28,,,0.6,-3.76,0.6,,2400,2026-09-17,94.0,94.0,89.3,0.0,-5.0,0.0,-11280.0,100.0,0.0,PASS,RIGHT
VEEGALAND,Veegaland Developers Limited,MAIN,2026-09-15,2026-09-15 13:05,True,0,SKIP,14.29,3.73,7.81,5.78,-4.32,5.78,6.09,107,,,,,,,,,16.4,,PASS,not listed
MANIKA,Manika Plastech Limited,MAIN,2026-09-16,2026-09-15 13:05,True,-1,SKIP,25.58,0.36,6.4,5.73,-4.32,28.14,22.72,348,2026-09-21,43.0,43.0,43.14,0.0,0.33,0.0,49.0,4.4,0.0,PASS,RIGHT
HEROMOTORS,Hero Motors Limited,MAIN,2026-09-18,2026-09-18 13:06,True,-1,NO DATA,,0.08,6.96,5.0,-3.35,6.66,8.23,178,,,,,,,,,12.2,,NO CALL,not listed
JSIPL,Jindal Supreme (India) Limited,MAIN,2026-09-18,2026-09-18 13:06,True,3,NO DATA,,13.83,168.18,86.36,-3.35,181.07,149.34,161,,,,,,,,,0.7,,NO CALL,not listed
SSRETAIL,SS Retail Limited,MAIN,2026-09-18,2026-09-18 13:06,True,2,NO DATA,,11.02,61.9,25.64,-3.35,103.3,36.36,35,,,,,,,,,2.8,,NO CALL,not listed
KHERIAAUTO,Kheria Autocomp Limited,SME,2026-09-21,2026-09-20 17:46,True,-2,SKIP,9.9,,,0.45,-3.35,0.45,,2400,2026-09-24,101.0,104.9,103.05,3.86,2.03,9360.0,4920.0,100.0,9360.0,PASS,RIGHT
NSE,National Stock Exchange of India Limited,MAIN,2026-09-21,2026-09-20 17:46,True,0,NO DATA,,1.53,1.68,1.16,-3.35,1.16,0.72,8,,,,,,,,,100.0,,NO CALL,not listed
SONA,Sonaselection India Limited,MAIN,2026-09-21,2026-09-20 17:46,True,-3,SKIP,2.02,0.46,0.6,0.9,-3.35,0.9,1.29,150,2026-09-24,99.0,102.31,107.42,3.34,8.51,497.0,1263.0,77.5,385.0,PASS,RIGHT
SPECTRAA,SpectraA Technology Solutions Limited,SME,2026-09-21,2026-09-20 17:46,True,3,WATCH,38.14,,,18.43,-3.35,18.43,,2400,2026-09-24,118.0,224.2,235.4,90.0,99.49,254880.0,281760.0,5.4,13764.0,PASS,MISSED
AXIOMGAS,Axiom Gas Engineering Limited,SME,2026-09-22,2026-09-22 13:04,True,-3,SKIP,0.0,,,1.12,-3.81,1.37,,4000,2026-09-25,54.0,54.75,54.05,1.39,0.09,3000.0,200.0,73.0,2190.0,PASS,RIGHT
VARMORA,Varmora Granito Limited,MAIN,2026-09-24,2026-09-24 13:10,True,-1,NO DATA,,0.22,0.29,0.45,-4.77,1.58,1.0,101,,,,,,,,,100.0,,NO CALL,not listed
ADROITIND,Adroit Industries (India) Limited,MAIN,2026-09-25,2026-09-25 13:11,True,3,NO DATA,,16.75,154.97,67.52,-4.91,176.85,99.81,111,,,,,,,,,1.0,,NO CALL,not listed
ARMEE,ArMee Infotech Limited,MAIN,2026-09-25,2026-09-25 13:11,True,-1,NO DATA,,0.94,1.4,1.68,-4.91,2.44,2.47,40,,,,,,,,,40.5,,NO CALL,not listed
COREIN,Coreintegra Consulting Services Limited,SME,2026-09-25,2026-09-25 13:11,True,-2,NO DATA,,,,1.05,-4.91,1.38,,3200,,,,,,,,,72.5,,NO CALL,not listed
ELEVATE,Elevate Campuses Limited,MAIN,2026-09-25,2026-09-25 13:11,True,-1,NO DATA,,0.38,0.4,0.38,-4.91,1.79,1.01,41,,,,,,,,,99.0,,NO CALL,not listed
POOJALOGIS,Pooja Logistics Limited,SME,2026-09-25,2026-09-25 13:11,True,-2,NO DATA,,,,0.8,-4.91,2.96,,2400,,,,,,,,,33.8,,NO CALL,not listed
SWASTIKAIN,Swastika Infra Limited,MAIN,2026-09-25,2026-09-25 13:11,True,0,NO DATA,,1.05,6.14,3.16,-4.91,7.6,5.39,81,,,,,,,,,18.6,,NO CALL,not listed
AONESTEELS,A-One Steels India Limited,MAIN,2026-09-28,2026-09-27 17:47,False,-2,SKIP,12.59,0.09,2.07,1.35,-4.91,1.35,1.76,37,,,,,,,,,56.8,,PASS,open
GREENASIA,Green Asia Impex Limited,SME,2026-09-28,2026-09-27 17:47,False,-3,SKIP,0.0,,,0.02,-4.91,0.02,,3200,,,,,,,,,100.0,,PASS,open
MONEYVIEW,Moneyview Limited,MAIN,2026-09-28,2026-09-27 17:47,False,0,SKIP,41.18,0.25,15.41,6.01,-4.91,6.01,5.18,441,,,,,,,,,19.3,,PASS,open
ACEVECTOR,AceVector Limited,MAIN,2026-09-29,2026-09-27 17:47,False,-2,SKIP,6.25,0.0,0.42,0.23,-4.91,0.23,0.62,468,,,,,,,,,100.0,,PASS,open
BMISL,Bench Mark Infotech Services Limited,SME,2026-09-29,2026-09-27 17:47,False,-2,SKIP,14.55,,,0.24,-4.91,0.24,,2400,,,,,,,,,100.0,,PASS,open
GERMAN,German Green Steel and Power Limited,MAIN,2026-09-29,2026-09-27 17:47,False,1,SKIP,20.14,1.32,2.46,1.73,-4.91,1.73,1.65,107,,,,,,,,,60.6,,PASS,open
HIMALAYAN,Himalayan Solar Limited,SME,2026-09-29,2026-09-27 17:47,False,-3,SKIP,0.0,,,0.48,-4.91,0.48,,2400,,,,,,,,,100.0,,PASS,open
ORIENTCABL,Orient Cables (India) Limited,MAIN,2026-09-29,2026-09-27 17:47,False,-1,SKIP,29.41,0.01,3.47,1.96,-4.91,1.96,2.42,55,,,,,,,,,41.3,,PASS,open
RUNWALENTR,Runwal Enterprises Limited,MAIN,2026-09-29,2026-09-27 17:47,False,-2,SKIP,9.84,0.96,0.28,0.42,-4.91,0.42,0.18,49,,,,,,,,,100.0,,PASS,open
